IzzyFitton,origin
zhaozj89,level_1
ResFortnight,level_1
koqoo,level_1
unshiney,level_1
teej_matthews,level_1
MaxN0ir,level_1
_KingPete_,level_1
rajaveearora,level_1
loisplayer,level_1
JackEvansVR,level_1
Eu_a_Eve,level_1
MariosMarneros,level_1
AVitterso,level_1
SusannaMarie,level_1
WendyLawn,level_1
CaitlinENaylor,level_1
XRDRN_ORG,level_1
m_rzeszewski,level_1
AshaMarie18,level_1
william99659653,level_1
BRigbyDames,level_2
brifrischu,level_2
cathyholloway1,level_2
James_A_Devine,level_2
MichaelProulx,level_2
adrianalic,level_2
marybee,level_2
Judith_Ley,level_2
aquigley,level_2
JiaChenCCA,level_2
oseledetsivan,level_2
jmiro1,level_2
yongquan_hu,level_2
dungdx34,level_2
w_huerst,level_2
ZohrehOvaisi,level_2
AsaCoopStick,level_2
BrunyChamp,level_2
CostadeanosS,level_2
SalamAdliAssi,level_2
GeneOnlineNews,level_2
martin_downes,level_2
KaziHridoyAkas1,level_2
tU1lqRlS9JDwC7Y,level_2
wasArf,level_2
PRISMexeter,level_2
Esraa87556322,level_2
smith1994_chris,level_2
tfdavidson,level_2
nxref_,level_2
AtamanAkif,level_2
STRANGEINDUSTRY,level_2
MrT_Economics,level_2
Damreyuk73,level_2
Isma_2020,level_2
JillMarshallLAW,level_2
_JanaBusch,level_2
Intersolglobal,level_2
biomatrixsprx,level_2
lh1008,level_2
eladentopistevo,level_2
DanielsRio1,level_2
Osicapa,level_2
PantherMetals,level_2
HmsBarona,level_2
QueenisdeadThe,level_2
sadtteokbokki,level_2
BitcoinComedy,level_2
DocBooda,level_2
ScottByrd,level_2
sekhar_iota_ETH,level_2
MillerT63929625,level_2
CBtn13,level_2
andresr36316368,level_2
TopioNetworks,level_2
CheekyCrypto,level_2
MohamadSatar6,level_2
senthym,level_2
JuncaTech,level_2
RoblemVR,level_2
TheDigital3D,level_2
weare_chillin,level_2
kenzzzrs,level_2
_rap_culture_,level_2
bunnyoftheday_,level_2
chase_poopert,level_2
aakoch2,level_2
ArtNettoGallery,level_2
mmmdatpaige,level_2
futureholograms,level_2
IndoorCigarette,level_2
sapacelery,level_2
poseidonaskwhy,level_2
nismolivia,level_2
_GooseJuice_,level_2
Jess17711,level_2
_designjunction,level_2
oliviaava549,level_2
AlliCinema,level_2
Chill_Goblin,level_2
_FoolsBait,level_2
mygibbo,level_2
SocialistAct,level_2
Brian_1024_,level_2
nonsenseflower,level_2
MarkCrawford0,level_2
Michell72582264,level_2
sexdeathrebirth,level_2
melissarchaplin,level_2
ieatrichpeople,level_2
StarSeekerGame,level_2
EmmbeaArt,level_2
StudioBahia,level_2
PoshCrow,level_2
KiraKnoop,level_2
Vikram_B_Singh,level_2
BabyKakarot,level_2
Cdubbs_HBK,level_2
ZlaveB,level_2
scena360,level_2
kevinasarobot,level_2
SkyboundVR,level_2
JAshworthPhD,level_2
immersiveLRN,level_2
ebraun14,level_2
0Teacherbot2,level_2
sagefreeman,level_2
XRwithcharmseer,level_2
Koushik42386331,level_2
JoeGSwe,level_2
VR_AR_NewsInt,level_2
SuckerPunchVR,level_2
LeoGrint,level_2
malitician,level_2
vr_arcadia,level_2
sora21go,level_2
LuminEyeLimited,level_2
SyracuseLUX,level_2
JessJessFisher,level_2
MashaRemskar,level_2
lililutra,level_2
desolasunmoni,level_2
csingletonecon,level_2
BryanParthum,level_2
KKollydas,level_2
CEPS_Bristol,level_2
RobertS81950494,level_2
syyeam,level_2
cubel_maria,level_2
Jessica_30519,level_2
charlton_k,level_2
JazillusW168,level_2
PhdEvs,level_2
alvarogutyerrez,level_2
Lynne41907654,level_2
ConferenceIrtes,level_2
fritzhkh,level_2
BrainEvolutionN,level_2
CompCrossCognC,level_2
AleAliSousa,level_2
hollywilsh,level_2
MarvelousMike6,level_2
OPENVIResearch,level_2
meike_scheller,level_2
sharadbansal31,level_2
Vaibhav34404664,level_2
sharmaparth03,level_2
anuzkaaa,level_2
AnubhavSarkar9,level_2
ashvinlohiya,level_2
shuchi_naik,level_2
siddhi_chhabra,level_2
KarimRubaiya,level_2
ojaskumar9995,level_2
3T_Training,level_2
LouLiv1,level_2
RobHuwPeace,level_2
CatNaughtie,level_2
osborne_elo,level_2
AnnabelBurnley,level_2
MStaginnus,level_2
MahmoodRaqeeb,level_2
AliceR_Phillips,level_2
chlo_burke,level_2
rosiegibbs,level_2
ResearchBritish,level_2
AmeriEntre_ship,level_2
n_higsonsweeney,level_2
JoeWhiteUK,level_2
mentaldaily_com,level_2
JessAStern,level_2
safetyshoes_deb,level_2
PsychEEWoo,level_2
UBDVTLab,level_2
edit_vass_psy,level_2
torjournal,level_2
SusanMadigan3,level_2
BoHCareers,level_2
theyoungpress,level_2
DeviantDCD,level_2
DyspraxicDan,level_2
rosiemay_r,level_2
frannmacia,level_2
maxeweston,level_2
MamsMandrill,level_2
MarkKelson,level_2
TheDCDProject,level_2
avra2021,level_2
TheodoraDem1328,level_2
sarunele,level_2
jessjpiper,level_2
LabourSiobhan,level_2
Sophie_Sowden,level_2
JJWhitesnake,level_2
ramonmengarda,level_2
fefetibu,level_2
mendlowicz,level_2
RenaPat02829509,level_2
neurorigbuilder,level_2
stremainenelson,level_2
dennisclemente,level_2
BrainWorldMag,level_2
Dr_byron_joan,level_2
PadraigBelton,level_2
marcelodayrel,level_2
EpicImmersive,level_2
immersiveglobe,level_2
RevistaPalavras,level_2
nerdyiotguy,level_2
GustavoManzini,level_2
Letsgosocial,level_2
PGallag1,level_2
anushreedsharma,level_2
tjw_94,level_2
EmbedConfluence,level_2
bathunitortures,level_2
He_tasos,level_2
chrisskordellis,level_2
simonljones,level_2
constantinosAV,level_2
mostalive,level_2
EandTJ,level_2
MrSearch99,level_2
SavvaLoizos,level_2
Lucy_skordellis,level_2
GreenSmileCY,level_2
kafrakicy,level_2
EUROKERDOS,level_2
gkepertis,level_2
christina_ael,level_2
StevenHobbs113,level_2
LarissaMeijer4,level_2
lturmovidal,level_2
CRPSguru,level_2
ErinMacIntyre5,level_2
saadsnagi,level_2
peder_isager,level_2
MayoOnTheBrain,level_2
UCDmotorlab,level_2
in_lydia,level_2
Dru_JB,level_2
mayobrainlab,level_2
ConnorHaggarty,level_2
StephanieRossit,level_2
elena_azan,level_2
GianlucaSaetta,level_2
bethanydonaghy1,level_2
TheARM_Lab,level_2
TheSportyTurtle,level_2
jcc861,level_2
EmmaRosenBooks,level_2
DRNARENDERCHAN1,level_2
DrAlexanderShaw,level_2
drbeccapr,level_2
DHKpsy,level_2
AliciaGCork,level_2
liv_brown20,level_2
CDSteer,level_2
James62087677,level_2
jiteenahmed,level_2
Eduard_Margarit,level_2
CrescentJicol,level_2
JulieTurnerCobb,level_2
jmwatts_,level_2
AmpleAnimation,level_2
Kaal21949,level_2
VEI_Lab,level_2
smartwiters,level_2
fncischen,level_2
andrikos,level_2
Things3DVR,level_2
VRCONNECTED,level_2
Pasha_Plaha,level_2
Alejand08430782,level_2
TGrohganz,level_2
the12thmoonman,level_2
wcrpaul,level_2
Toymaker2,level_2
toudajew,level_2
nocchi_susanna,level_2
AmyLinguatech,level_2
909kishore,level_2
ingo_paetzold,level_2
CAMERA_Bath,level_2
DrMarcHolmes,level_2
JohnJJShaw,level_2
EleanorTWardle,level_2
adelina_m_h,level_2
VR_Neuroscience,level_2
ksk_S,level_2
joaomineiro07,level_2
sophspsych,level_2
v_simulators,level_2
JennyFielder,level_2
HunterSchone,level_2
JanetBultitude,level_2
wonderbrandland,level_2
FariaHuqOaishi,level_2
elepiech,level_2
blue_wade,level_2
eco_onis,level_2
enrich_decors,level_2
HumbleGuy101,level_2
adalbertoi,level_2
KENGOMEGA,level_2
VdeVic__,level_2
vr_sbs,level_2
BarungiMike,level_2
AljoschaFldess2,level_2
Tony_Fang_,level_2
DVroomstick,level_2
jjechternach,level_2
AnnaDesponds,level_2
avinash_singhh,level_2
ISVRSociety,level_2
TorinMonahan,level_2
JeremyCrampton,level_2
Astret,level_2
grhalegoua,level_2
Variant3D,level_2
holo_of,level_2
RiedelAtWork,level_2
tomslater42,level_2
czech_mi,level_2
Photon_Lens,level_2
Mikoaj77043177,level_2
j3rett,level_2
antievictionmap,level_2
skjethani,level_2
XR4Work,level_2
VLL_UCPH,level_2
doinggeography,level_2
mmsiwiak,level_2
srhstevenson,level_2
donalphillips,level_2
PotockaTeresa,level_2
slewpiter,level_2
jakubkorczynski,level_2
Annabel__always,level_2
HolographyNews,level_2
robertvongrey,level_2
ImLochhead,level_2
SteveMacDevitt,level_2
storyjuice,level_2
pcmcreative,level_2
Rouffi,level_2
wperesada,level_2
Dr_Black,level_2
jamie247,level_2
vandewcandew,level_2
ennikukka,level_2
LiuXigang,level_2
synctrics,level_2
MobioSolution,level_2
ElenaJa66214953,level_2
PromptSoftech,level_2
TheDigiCreators,level_2
MariaGa42975085,level_2
omanmbd,level_2
appicial,level_2
webstellars,level_2
PabauCRM,level_2
parvane24330505,level_2
CyberSecHerald,level_2
IamAdityaD,level_2
DEEPAKK66636574,level_2
PropertiesCasa,level_2
aoliveira_braga,level_2
DI_tweet,level_2
coldflamedesign,level_2
CTOClearimageAI,level_2
Nurulchicalah,level_2
realSlaughtz,origin
MioBread,level_1
Bridget07041969,level_1
CritterCrits,level_1
YORAMRW,level_1
dmanofgold,level_1
October3rd1965,level_1
CuberickStanley,level_1
Tequila49122287,level_1
Alma_Lahar,level_1
UnreformableB,level_1
StupidWhiteAds,level_1
engine9ladder1,level_1
EuropeanRevolt,level_1
ECalifornians,level_1
OkkuRashSpirit,level_1
ArmstrongEnneth,level_1
bernieshrugs,level_1
KentAllard00,level_1
AdvocateMaurice,level_1
NikoZerk,level_1
twentyfourlettr,level_2
SwerveCityHero,level_2
R3SURR3CT10N1ST,level_2
AwakenedSaxon1,level_2
AxisJane,level_2
Goosey4444,level_2
GreenManEng,level_2
TwinReaIist,level_2
Dreyrugr1,level_2
DiPunished,level_2
Turnbull_ls10,level_2
IdentitarianC,level_2
fairhair_harold,level_2
LinkieBig,level_2
StopAntiWhite,level_2
bpoppap,level_2
donovan_pauline,level_2
FrancisGreen17,level_2
TheodorUnderhi1,level_2
officalJohnnyd,level_2
Kiramelton6,level_2
RMulherine,level_2
Rare_Diamond217,level_2
CarlWorsham,level_2
ArgumenIndians,level_2
kean_ureevesc,level_2
AlexanderHelge8,level_2
coveredinpunk,level_2
LT_Misc,level_2
AminaRosamary,level_2
the_wombat_08,level_2
ainsford_james,level_2
JohnnyD77375996,level_2
reddirtgirl12,level_2
SGTValadez,level_2
Sheryll19210767,level_2
ZinovyRoark,level_2
waynetlc,level_2
SnippityPakin,level_2
UnyieldingA7X,level_2
ItProblematic,level_2
ZephyrAugustus,level_2
EllieAsksWhy,level_2
MichiganWave,level_2
metaauthor,level_2
capgunsz,level_2
Inductivist,level_2
jackpo773,level_2
Fear_Leader,level_2
tyger_tyger_,level_2
marchk,level_2
Scearpo,level_2
miraforeman,level_2
bodaciousrodent,level_2
RobertScout,level_2
GomezAnally,level_2
Slender_Sir,level_2
icedcoff3,level_2
FormerLiberal24,level_2
coxasw_vasw,level_2
SigmaGael,level_2
smerigenerd,level_2
snowbunting42,level_2
persianmootje,level_2
ThruTheHayes,level_2
HateOnWhitey,level_2
VeltmaatRuurd,level_2
SerenaJB3,level_2
ArabGroyper,level_2
BlueBlock17,level_2
HarrisonKrank,level_2
TenplusfourE,level_2
ollie709,level_2
truthforgoyim,level_2
MakeMericaFla,level_2
ViaViaPersoneel,level_2
Marcosun38Marco,level_2
gherusselman,level_2
Fant0mFDN,level_2
RealCoachClay,level_2
Theta_Networks,level_2
floater_ocean,level_2
sir_fulcher,level_2
basketofjenn,level_2
Always1America,level_2
trigwarnradio,level_2
MikeJJustice1,level_2
66_dlking,level_2
DDeerring,level_2
369_cj,level_2
JohnCro35681624,level_2
JohnOutbakjak,level_2
3speakonline,level_2
sawmilltaters,level_2
Shelgas,level_2
Herbalgrandma49,level_2
Vincent_James02,level_2
WatchDog1958,level_2
RobertJ76254312,level_2
JLarey83,level_2
shadow190190,level_2
LibertyVictory1,level_2
fosterroy12,level_2
BouillonKnights,level_2
Chotapegs,level_2
FD1000,level_2
GuyNeeded,level_2
leslibless,level_2
oldguy_steve,level_2
annettescat,level_2
Mariama88784838,level_2
incelCuomo,level_2
petrocat64,level_2
CoolChange80,level_2
JumpyVase,level_2
magid1969,level_2
JoshMandelOhio,level_2
sportballplayer,level_2
RobinNoMask,level_2
LeonSolarpunk,level_2
DavWhite,level_2
Suddle1,level_2
wordwhisperer,level_2
Jonteinspain,level_2
TruthOfSigns,level_2
FunTimeFred1,level_2
Morfran1,level_2
jackhewitt766,level_2
humainegarbeige,level_2
imperium_v,level_2
SchwabBum,level_2
schizorabia,level_2
SitheachReborn,level_2
BublitzCleo,level_2
JFGariepy,level_2
GoldenE85203308,level_2
hands_space,level_2
BraveVasalisa,level_2
GrandmaWolf100,level_2
arborsmarty,level_2
TofuToni,level_2
RonnyCameron86,level_2
ExpandedGalaxy,level_2
ChuckMillerWAC,level_2
StopLearn2,level_2
PaintyWife,level_2
KaymakliBlue,level_2
Australian911,level_2
LukeMas99671730,level_2
__i960,level_2
Digitalis_Dude,level_2
fairisleforest,level_2
Cynefin8,level_2
NoWhiteGuiltNWG,level_2
NorseTom,level_2
SauceEllis1,level_2
ShiregreenOwl,level_2
SerialNoticerII,level_2
docuterror,level_2
edward_hartley,level_2
rickhenry1775,level_2
LeverettAlexis,level_2
mitrebarnet,level_2
thespacepirate,level_2
Will84988733,level_2
Cassini45511893,level_2
plinkyplonk_eye,level_2
TheSapIsRising,level_2
ziverdokits,level_2
Chrissi52027025,level_2
Orwells_lament,level_2
ANDIBABY8,level_2
Bee42681881,level_2
sunees111,level_2
LittleDi70,level_2
BasicaIIyNobody,level_2
JosephKingOOOO,level_2
CheeseLeaf,level_2
Charlot32347990,level_2
TomBradyRules12,level_2
JRiNK385,level_2
the_n_word__,level_2
Rick05704175,level_2
Bot3Bob,level_2
TUSSCOMMANDER,level_2
PeerNight,level_2
ElslooJohan,level_2
d_orcet,level_2
Sandrift1,level_2
walesjoey1,level_2
darksavior79,level_2
lanegriuy__4l,level_2
sevenzemper,level_2
HomesteadNovice,level_2
MKSO03,level_2
jacklawrence06,level_2
wat_ghost,level_2
nulluser1O,level_2
TranscendInside,level_2
TheWhiteGirlsHQ,level_2
ddgaspl,level_2
coratradi,level_2
HEYBOWSELECTA,level_2
MaxSpurlock3,level_2
niggawitshoyth,level_2
Melliebelle2,level_2
ragnark01365829,level_2
EMisheff,level_2
truthwarz,level_2
GeorgeIsChillin,level_2
_matthew_1927,level_2
Flightschool4c1,level_2
SoaklandLouise,level_2
Soberdefender,level_2
medanlang_sf,level_2
citizenj17,level_2
GodFiveStars,level_2
jurgenson_janet,level_2
roncarlson1,level_2
sugarknight33,level_2
1in5advocacy,level_2
jenreport,level_2
AprilYao20,level_2
2p718,level_2
legorobotdude,level_2
EvaZhou95360660,level_2
RTK18722957,level_2
SteveMillerOC,level_2
Scrapper_237032,level_2
JardineKari,level_2
Maozedank1,level_2
bartmccollum,level_2
GirlTheBern,level_2
Kommand05603205,level_2
CaptNemo_20000,level_2
WhiteMan1861,level_2
Good_Girl_95,level_2
tarahtori,level_2
Zararos22571968,level_2
CPunk1984,level_2
DAbitty,level_2
housewife8888,level_2
PissoffEU,level_2
BlueBrightest,level_2
TanyaCornfield,level_2
la_chatte_verte,level_2
Jillian81826945,level_2
HassidicHomeboy,level_2
HannuL3,level_2
DuelQuasar2,level_2
Homeless_Canada,level_2
hillsdonald101,level_2
dgventers,level_2
molamin94754970,level_2
GraceTrucker,level_2
AntiRac84229184,level_2
sueq313,level_2
roberthegreat91,level_2
MitziNickel,level_2
theleveloftime,level_2
KerryOLeary4,level_2
Mikedubbs76,level_2
lkawsu,level_2
cutter588,level_2
Whitera08566324,level_2
Lesmvert,level_2
Kendall00791917,level_2
LisaTurnage12,level_2
EricChu09374233,level_2
today_mills,level_2
italia_patriot,level_2
MethAutist,level_2
JoseForFlorida,level_2
animelord951,level_2
Youngda18304317,level_2
WinGam9,level_2
novusmundi,level_2
NecropolisVarna,level_2
AugustEichel,level_2
NMemeguy,level_2
LtWhiteII,level_2
bradystandefer,level_2
The_GhostGunner,level_2
BFar0320,level_2
MuhHeidigger,level_2
DougtheC,level_2
PunishedAuer,level_2
Cornealius10,level_2
CamDowler,level_2
SilkenThread88,level_2
DestroyStop,level_2
Rvogt1_cba,level_2
DawnieBrowning,level_2
artislife14,level_2
Taimi_xx,level_2
HeavyBellz,level_2
Abnormocracy,level_2
dicksblackbess,level_2
fifi_j,level_2
nastymutant,level_2
FOSTERMMXXII,level_2
DustyThyme92,level_2
SaikaTuomi,level_2
Jk16010,level_2
ForNullUSA,level_2
NotYizz,level_2
HungarianSpect1,level_2
CryptonicsNFT,level_2
SteffenTettenb1,level_2
darmowe_krypto,level_2
Jynura1,level_2
lernblogs,level_2
art_zarco,level_2
AsuFaithful,level_2
HussamKal2,level_2
MoazzamHaider9,level_2
bd_unian,level_2
CryptoW02983954,level_2
maparari1,level_2
_argeh7,level_2
pengereum,level_2
Mproxima1,level_2
Real_JamesCarr,level_2
322Jesmith,level_2
shamrikin,level_2
CrochetBee_,level_2
ekimdrachir,level_2
RightStuff47,origin
EMisheff,level_1
DavidHadley1973,level_1
SerenaJB3,level_1
HappyHarryMedia,level_1
Maddog20212,level_1
truthwarz,level_1
dcsmith1987,level_1
gungorvasfi,level_1
JudexXavier,level_1
BenDavi55690593,level_1
assissicourt,level_1
concordat_man,level_1
ThomasPterodac1,level_1
WilliamFoster_1,level_1
mojo500jomo,level_1
ResurrectedTyr,level_1
davidbrookplay,level_1
RoryGoebbels,level_1
bogballisshite,level_1
Cicci_9,level_1
Correction2016,level_2
michaelmaver106,level_2
DonAeterna,level_2
Moillietten,level_2
BeeHeaven911,level_2
RealBugSmasher,level_2
Mikesports5,level_2
vrilpilled,level_2
blondenblue44,level_2
Blitzdeport,level_2
AkuraElvas,level_2
AnneCoulson15,level_2
BritSubjAtHeart,level_2
celticviking14,level_2
Save4west,level_2
Llewell91902386,level_2
wat_ghost,level_2
OldPlankRd,level_2
RockNRose4ever,level_2
JohnHer74896746,level_2
ArthurCarling,level_2
RachelBrexit14,level_2
Ratillathehun,level_2
GameChangerGirl,level_2
ManselW,level_2
Davidsh61206204,level_2
Markceltproud,level_2
sapgasm,level_2
pepsiroo,level_2
Robert_wintour1,level_2
dwilliam9940,level_2
LouiseBarnsley1,level_2
Deedy2201,level_2
sophieheloiset,level_2
CarlBrasky,level_2
mrswendle,level_2
andrewm13481612,level_2
CaptTony11,level_2
DTierre,level_2
1971Jmb,level_2
electpritchard,level_2
iknownothingab6,level_2
notSkyKingFan47,level_2
retrotaxobscene,level_2
AndyMarriott3,level_2
Martin58172807,level_2
Mrbunny28,level_2
Spottedcanine,level_2
JenDesNor,level_2
Rajateate,level_2
MedusaWilson,level_2
Fifi227125588,level_2
OrbitVR15,level_2
Brooklynguy19,level_2
obviously123_,level_2
PowerKraut9000,level_2
GordonTheBaron,level_2
TheWhiteGirlsHQ,level_2
kundanaire,level_2
lisareality1,level_2
JeffLamp9,level_2
justvisiting61,level_2
laddiepre,level_2
braschen1,level_2
OXBRIDG78361665,level_2
onceandfuturek3,level_2
deborah1874,level_2
lveronicanorth,level_2
CarolineHutt,level_2
neil11103402,level_2
AnilxVerma,level_2
pingerz69,level_2
Riversparkle,level_2
Michal_Jenik,level_2
Tracey28864185,level_2
Sharon64704996,level_2
Shugmonster2,level_2
RRHawghead,level_2
SulleyTruman,level_2
staffandscrip,level_2
WilliamsBecke17,level_2
RagnarIronspear,level_2
Camelback71,level_2
NEIGHBORLY_FL,level_2
allanw389,level_2
GlobalBritain21,level_2
NKrankie,level_2
SpectreO14,level_2
LootinSteven,level_2
Dr_Doom_1990,level_2
hatedbymany14,level_2
GuyNeeded,level_2
Newgongue,level_2
MIDDLEAGEDBOOBZ,level_2
Melliebelle2,level_2
JayKins8,level_2
WoodchuckKing,level_2
Mbreteresheakts,level_2
memleketbizimTR,level_2
lyas23,level_2
seymawin,level_2
Turkicmaestro,level_2
Echidna______,level_2
eerdalserce,level_2
ummibirkadin,level_2
sooylan,level_2
melun_umelain,level_2
Enstalasyon_,level_2
niyenickolsunki,level_2
TahsinnHasan,level_2
yusufyildirrm,level_2
enesfindikci0,level_2
sberkeninyeri,level_2
hatixc,level_2
omererogluuu,level_2
aazraw,level_2
rebellefleurb,level_2
DelroyNevis,level_2
am_trumpberg,level_2
MSHopkins4,level_2
GoodchildEdward,level_2
Black6horizon,level_2
roszrumour,level_2
UltraMaxon,level_2
Ifyoutoleratet3,level_2
RWSalt,level_2
sanders_ksandfl,level_2
JaneSimkins66,level_2
hughmungus,level_2
jaksgirl06,level_2
NoVaccinePassp3,level_2
JazzyBlues4,level_2
kbf_nomasks,level_2
Awaken9876,level_2
AlfArthArch1,level_2
StrongerTG,level_2
sammylamb5,level_2
LindaRa58551127,level_2
vleeskroket,level_2
jesse_072,level_2
JagerGeert,level_2
mislukt12345,level_2
Awake23153870,level_2
ErnaSchoonderbe,level_2
liveanddiein010,level_2
Debatmeesters_,level_2
papilon90114480,level_2
J41963735,level_2
heenenweer3,level_2
Jemoede16887739,level_2
LinkseRakkers,level_2
TruthRaider1,level_2
DiddenWiell,level_2
jackieketarn,level_2
drost407,level_2
healthmum,level_2
WillemClercq,level_2
mpanhuijsen,level_2
PeakyOswald,level_2
DrunkBastard101,level_2
TracyGreyfield,level_2
ozbrah4,level_2
Gelert9,level_2
earlturner57,level_2
Abnormocracy,level_2
Wesmoms,level_2
gook_rory,level_2
replicant27,level_2
euroswydd658,level_2
OrStout,level_2
docuterror,level_2
BougieBuffoon,level_2
XdVFs2cmb5PwRXS,level_2
breakfixbreak,level_2
Good_Girl_95,level_2
NaughtyNorman3,level_2
FOSTERMMXXII,level_2
ip2always,level_2
BainzyC,level_2
EnglishGent79,level_2
FormerLiberal24,level_2
w1mav,level_2
JFGariepy,level_2
StopLearn2,level_2
thomstern,level_2
mpKMXGk2vbCYe5c,level_2
AmExcp227,level_2
OakeRoyal,level_2
Austin_Zone,level_2
EthelUnreddy,level_2
NxallAnglo,level_2
WestHullensian,level_2
AnthonyBouchard,level_2
SilasSpeaks,level_2
norwich_guy,level_2
t99bull,level_2
JeffMelody2,level_2
cometaj2,level_2
JosephBlanco1,level_2
DawdaSanneh,level_2
WhiskeyRebel5,level_2
SixThirtyOne_,level_2
BakaryS04686241,level_2
roadtoserfdom3,level_2
reallisaboulay,level_2
TheRightKGibson,level_2
albert21812629,level_2
vickyden33,level_2
OmarMan05409085,level_2
kebbasjallow3,level_2
merissahamilton,level_2
CPunk1984,level_2
DegenerateWoke,level_2
hughjassdevice,level_2
eppe_ppe,level_2
MonkeysBrat,level_2
maxerdrich96,level_2
SenSinemaFan,level_2
AmericanZoomer,level_2
GLguygardner4,level_2
AshgroveProd,level_2
CharlieBakerFan,level_2
Lilwing13,level_2
fmrRealBobRoss,level_2
JoePA04,level_2
JackMFromBoca,level_2
USACONSERVER,level_2
one_kaiser,level_2
okcon_politics,level_2
Nord_Fulbright,level_2
shivam_mundada,level_2
Bronx_ILs,level_2
tuesday7595,level_2
baxterdonna96,level_2
AzakFever1,level_2
chibbennn,level_2
Mosleyite2004,level_2
RememberFuture_,level_2
tomize_d,level_2
LuLzYouKnow,level_2
BRlTlSHDEAN,level_2
DisobeyNAnti,level_2
6e786c6c,level_2
celtic_switch,level_2
WADE1138,level_2
SpMeyer78,level_2
LoyalToSpeakUp,level_2
JTSmith1014,level_2
JoeriFridli,level_2
JR66112852,level_2
RichardLeader,level_2
mitrebarnet,level_2
Eastwood1A1,level_2
James100482,level_2
CarolineBaynton,level_2
27Tawnyowl,level_2
TexanGhost,level_2
MarkDav2016,level_2
GentleLearGamma,level_2
JustineClaire65,level_2
YorksRose_84,level_2
boomer_ish,level_2
notforevermore,level_2
Orwells_lament,level_2
Ella1898,level_2
SteveCass14,level_2
dearaunty,level_2
ClaireH38655873,level_2
Olgachristie,level_2
StingingMan,level_2
MiroMoh19625700,level_2
animehitler1488,level_2
St_justSt,level_2
SocialQsDsNs,level_2
Dr_Mitri,level_2
SigmaGael,level_2
KetaMeanGirl,level_2
UngeheuerDarin,level_2
KenKardashain,level_2
FedSh3d,level_2
AlbaLongan,level_2
bonbonglacee,level_2
engine9ladder1,level_2
Johnny42477623,level_2
Jk16010,level_2
KingofCarinthia,level_2
kibble_no,level_2
RabMeir,level_2
OfEireann,level_2
Digitalis_Dude,level_2
DFallamhain,level_2
AudibleVibes,level_2
noeleenharmon17,level_2
Weldoninhio,level_2
IrishProtector,level_2
Labhrain44,level_2
Tom40807135,level_2
mcarsagone,level_2
BackShadys,level_2
Sabdublindr,level_2
AfterProfit,level_2
LeeToland1,level_2
EamonnVIDF,level_2
UK_UNIFICATION,level_2
StopAntiWhite,level_2
based_belgium,level_2
95_ImpalaSS,level_2
Lorenzo_FSM,level_2
DiePlaasPatriot,level_2
allwhite4ever,level_2
awoodendor,level_2
KosChertified,level_2
crimes_black,level_2
dufrianord,level_2
Bitofthetism1,level_2
OhComfy,level_2
drbairdonline,level_2
FreakieF,level_2
ChristophGottel,level_2
supertracpak,level_2
KingTewdrig,level_2
LHAxelrod1,level_2
AW_HateWatch,origin
EMisheff,level_1
truthtemptress,level_1
BasedandK,level_1
Boogaloo_76,level_1
HomesteadNovice,level_1
kerbaron,level_1
VDAREJamesK,level_1
HeteroFighter,level_1
twentyfourlettr,level_1
FortranGary,level_1
AlderamC,level_1
IndigenousBrit8,level_1
marker_teal,level_1
Maddog20212,level_1
pterodactyl1984,level_1
cyrus992,level_1
profjulieanne,level_1
SSFSguy,level_1
sum_romanus,level_1
ThomasPterodac1,level_1
luminescemt,level_2
artislife14,level_2
Correction2016,level_2
michaelmaver106,level_2
DonAeterna,level_2
Moillietten,level_2
BeeHeaven911,level_2
RealBugSmasher,level_2
Mikesports5,level_2
vrilpilled,level_2
blondenblue44,level_2
Blitzdeport,level_2
AkuraElvas,level_2
AnneCoulson15,level_2
BritSubjAtHeart,level_2
celticviking14,level_2
Save4west,level_2
Llewell91902386,level_2
wat_ghost,level_2
OldPlankRd,level_2
adams_holding,level_2
GEmmettMouse,level_2
setoutwoulemski,level_2
4ziggythegreat,level_2
kingrch3,level_2
Shailesh063,level_2
abrahao_koffler,level_2
D2ombie,level_2
PaulGreenTPB,level_2
hariJHONY__,level_2
Vicky49313825,level_2
Candyycase,level_2
BlueRMO,level_2
iretweetnsfw,level_2
chainsaul1,level_2
mynameiskingly,level_2
Adam71181572,level_2
pantazyev,level_2
Davis_Chrisxx,level_2
haram2km,level_2
PulpReel,level_2
LawParty,level_2
HallyuWebsite,level_2
bismarkangbot,level_2
Shantel13329393,level_2
IdellSittloh,level_2
THATSMYPURSE,level_2
TheDoubleZTV,level_2
RealDeeb360,level_2
podcast_rewatch,level_2
Gere79951979,level_2
algooooooooooo,level_2
heloman99,level_2
Anon61522054,level_2
kevinsoze2,level_2
groypersmith69,level_2
BlackPill12,level_2
johnfirewall,level_2
the7awishere,level_2
butterfli_cats,level_2
QTWIQ1,level_2
kg62459,level_2
RossMagot,level_2
juzjaz2,level_2
FM_NoAlgos,level_2
ArmyIsBack2,level_2
jrcarter2010,level_2
Binky4419,level_2
MichaelAloe,level_2
RdrHrly,level_2
MAGABITCH10,level_2
Panannon__,level_2
KrakenRoberto,level_2
WentworthCj,level_2
ItsaGusher,level_2
fsturgeonfl,level_2
locoashes,level_2
Jim_Bob_Pete,level_2
tdpga,level_2
DaveDownshift,level_2
horny69hank,level_2
Squigzy_,level_2
CpptHodl,level_2
FuroridaNoMaya,level_2
ozbrah4,level_2
LocalWhiteDevil,level_2
toonz_ink,level_2
theman58023905,level_2
halfkimjongun,level_2
JonBreakBadNews,level_2
GreatSouledSam,level_2
MorningWacky,level_2
realTomPappert,level_2
theresa2carter,level_2
CalvinGroyper,level_2
MrPumpkinFace1,level_2
GamerOaks,level_2
rightwingnutrs,level_2
RonPaulsSock,level_2
TheWhiteGirlsHQ,level_2
JoeRudyard,level_2
StoicGuide,level_2
SilkenThread88,level_2
Amy_amorie,level_2
CANZUKpics,level_2
toad2022,level_2
FlamingBlossom,level_2
Dylan_Mikes,level_2
StingingMan,level_2
Good_Girl_95,level_2
SodalityH,level_2
BobPrester,level_2
JohnWoodbridge6,level_2
Artemis2030,level_2
MichaelPSenger,level_2
BrushPercy,level_2
ScottGo18320060,level_2
roseskar,level_2
KarenColonizer,level_2
Ca_HerreraO,level_2
RenRinette,level_2
MContr0l,level_2
ZoomerYeti,level_2
PartisanDave,level_2
LudwigTheWhite,level_2
Johndoemd22,level_2
MilsteadRyan,level_2
Shauncat,level_2
michaelsgordon,level_2
Apocalypse20221,level_2
YourFathersaunt,level_2
1578Anon,level_2
Rockwell_Rvw,level_2
audreym80963947,level_2
illtakemystand1,level_2
swifteagle8,level_2
Lukicversion2,level_2
ArLexitus,level_2
We_Make_America,level_2
RPA80208215,level_2
Noam1981,level_2
italxyz,level_2
ElCigarro88,level_2
JCarlosMoSS,level_2
freedomtesto,level_2
wMNhyaRVsIOCywu,level_2
elusuariorodras,level_2
BrunohortelanoV,level_2
keoland123,level_2
SpicyGramola,level_2
NoSoyGei1,level_2
John15738423,level_2
juananxy1,level_2
EBebeches,level_2
HealthyAlpha,level_2
zumodorslok,level_2
AmableSaurio,level_2
VournasNtinos,level_2
GasgaRicardo,level_2
cryptoex365,level_2
HateOnWhitey,level_2
BelleroQuavius,level_2
KosChertified,level_2
DolanGroyper,level_2
ElizabethDeuts8,level_2
CalvinCixre,level_2
Neo_Wallet,level_2
plombotomy,level_2
Doublooner,level_2
Yuxi83699150,level_2
TitsTitsTits99,level_2
SexyAnime99,level_2
Bakhtia50049859,level_2
MattRivii2,level_2
DeFiHopium,level_2
benssemchee,level_2
venture1C,level_2
marymcquillen01,level_2
Cryptomran,level_2
tevaloa,level_2
TheNorthSignal,level_2
Kindle_SciFi,level_2
siyakasonko,level_2
UnbannableBob,level_2
TeriWil50688852,level_2
kyle12613756,level_2
wakeupworld15,level_2
Lgbtqbipoc,level_2
Archie_Gwailou,level_2
earlkralik,level_2
Fashy_Mama5p,level_2
TransWomenSport,level_2
Zachariahskylab,level_2
ZeitTrash,level_2
Eunice95321697,level_2
kujabi_n,level_2
leavemealone148,level_2
JimmyLevendia,level_2
robertsondcang1,level_2
IntranetExplor1,level_2
frankiehawk88,level_2
TaTa80686030,level_2
BNP_Bexley,level_2
Artur19672510,level_2
Taimi_xx,level_2
JamesWindsorGI,level_2
staffandscrip,level_2
RedEnsignCoffee,level_2
7WZ575WZSzzfF8t,level_2
tonyangelcyn,level_2
white_king88,level_2
crimes_black,level_2
athbreith,level_2
Wintersbane90,level_2
margitwonka,level_2
themascator1,level_2
This_Way_Evropa,level_2
sixtiessound,level_2
FiferColin,level_2
PuneetK02825373,level_2
MenTooSave,level_2
blackishmonday,level_2
davincidiva,level_2
MWWT_tweet,level_2
CzarOfSense,level_2
varun284gmailc1,level_2
MiliS62751908,level_2
IIdentifyAs2,level_2
Girgit_TV_India,level_2
fierceman1991,level_2
LavAgarwal95,level_2
sara_hagarty,level_2
ozols_aldis,level_2
Minoritygender,level_2
steve_oh_67,level_2
Dicksson2,level_2
LeeMarksAuthor,level_2
MNadergul,level_2
SulleyTruman,level_2
awaitinggaia,level_2
JanTheuninck,level_2
skankyliar,level_2
shawdj,level_2
NONONOEU,level_2
seanr86519440,level_2
trixie_2000,level_2
miola_mic,level_2
LEJAIIXIX1,level_2
671Native,level_2
audreybbonbon,level_2
GailEHughes,level_2
Davidgeorgeking,level_2
7BOURNEY,level_2
SeaBell15,level_2
WoodReporting,level_2
SomethingAbbey,level_2
And10V,level_2
Denzal27,level_2
MainPolitics,level_2
Jodi4Henderson,level_2
CulinaryAWinc,level_2
boom_bull,level_2
MikeNova18,level_2
nlslicensing,level_2
EdgarFloresNV,level_2
rodriguesalexlv,level_2
Joey_Galvin,level_2
christrinh95,level_2
MarshaDerheime1,level_2
Myperfectliber1,level_2
WankerWelsh,level_2
Keithyyz70,level_2
ckqueen1313,level_2
Laurent13701445,level_2
makemeprecum,level_2
JacobJohnXXX,level_2
theSohamJain,level_2
st4r8oy,level_2
Euroboys,level_2
Aria_bunz,level_2
Rodolfo69105833,level_2
dicklover_alt,level_2
j0ker_1_,level_2
sixfootcandy,level_2
SevastianXXX,level_2
elcalamardo69,level_2
BoomBoomBetty,level_2
JBHDad143,level_2
cannon_need,level_2
forest_boreal,level_2
dsallen71,level_2
_V5M1000,level_2
order152,level_2
sensingbeauty,level_2
housewife8888,level_2
itweetcolibri,level_2
J1bbs,level_2
BPGeordie,level_2
w57643278,level_2
EnochWasRight__,level_2
PymPurnell,level_2
fifi_j,level_2
graytracey292,level_2
traditiogent,level_2
MJuleii,level_2
treebloodsoil,level_2
AudacesAeternam,level_2
GlobalReadiness,level_2
FOSTERMMXXII,level_2
ip2always,level_2
BainzyC,level_2
EnglishGent79,level_2
FormerLiberal24,level_2
w1mav,level_2
JFGariepy,level_2
StopLearn2,level_2
thomstern,level_2
mpKMXGk2vbCYe5c,level_2
AmExcp227,level_2
OakeRoyal,level_2
Austin_Zone,level_2
EthelUnreddy,level_2
NxallAnglo,level_2
WestHullensian,level_2
AnthonyBouchard,level_2
SilasSpeaks,level_2
norwich_guy,level_2
t99bull,level_2
ProWhiteDwight,origin
gahdangsonbit,level_1
RobertJ76254312,level_1
newsswen1,level_1
ThomasPterodac1,level_1
Hansvorna,level_1
agirlnamedkaren,level_1
RustledGot,level_1
fachistoteles,level_1
BIack_Philip,level_1
dagseven,level_1
JamesMo08791021,level_1
Polar65921213,level_1
NoToPCBS,level_1
w57643278,level_1
Boogaloo_76,level_1
philr755,level_1
adastra799,level_1
julianna4307,level_1
Mb32058319,level_1
glowyafchickjk,level_1
jasonst86392641,level_2
DarrenT84962299,level_2
GOPPollAnalyst,level_2
RealChaimHaber3,level_2
BrianDTexan,level_2
jflck,level_2
RobDanzuso,level_2
CalamiaSam3,level_2
aka_koon,level_2
Eloise93833941,level_2
Rehema09835564,level_2
shiiliu,level_2
Chess_Aesthetic,level_2
Eyconik,level_2
MadPatriot65,level_2
DanaHam13125176,level_2
Michael94443345,level_2
EverytimeUse,level_2
Ken97109552,level_2
rj_diedrich,level_2
themascator1,level_2
IndigenousBrit8,level_2
StopLearn2,level_2
Patriot_Gus,level_2
RonnyCameron86,level_2
BonnieBrendaMo2,level_2
SerenaJB3,level_2
Whitewellbeing1,level_2
FOSTERMMXXII,level_2
ip2always,level_2
BainzyC,level_2
EnglishGent79,level_2
FormerLiberal24,level_2
w1mav,level_2
JFGariepy,level_2
thomstern,level_2
mpKMXGk2vbCYe5c,level_2
AmExcp227,level_2
OakeRoyal,level_2
Austin_Zone,level_2
EthelUnreddy,level_2
NxallAnglo,level_2
WestHullensian,level_2
AnthonyBouchard,level_2
SilasSpeaks,level_2
norwich_guy,level_2
t99bull,level_2
skgll,level_2
TheCourtesan1,level_2
_matthew_1927,level_2
MorrisJ65,level_2
SeidelIngo,level_2
cephiyr,level_2
PhilosophiCol,level_2
JuanMPrieto3,level_2
ToroczkaiLaszlo,level_2
SoloKeki,level_2
crimes_black,level_2
NoMoreForIsrael,level_2
ClodiusPulcher4,level_2
Deus_Nigel,level_2
planet36,level_2
R34lR3v0luti0n,level_2
Heronight55,level_2
DevTex1,level_2
gummybearteddy1,level_2
CARNIVO93792580,level_2
sailinjackvip,level_2
mjboroski,level_2
Camillo68523381,level_2
DrNoMask,level_2
thorsome3,level_2
VivaVoce20,level_2
GrimmRoy,level_2
Captain44618202,level_2
BJamaste,level_2
NaturalnewsInfo,level_2
latenitebobbyd,level_2
MoeFactz,level_2
BackstromMicke,level_2
MAGAMedium1_7,level_2
Thread4Truth,level_2
princesspbbaby,level_2
marshalloftroy,level_2
ArmedPatriot45,level_2
Davewalters127,level_2
FreedomIsrael_,level_2
mukunld,level_2
M1Investor,level_2
blondenblue44,level_2
CRSP_INVESTOR,level_2
HarleyMonster,level_2
AngeloG_016259,level_2
MyCatIsFreya1,level_2
MicroCapValue,level_2
Benmcgiffert,level_2
GuyNeeded,level_2
toad2022,level_2
kanne_lie,level_2
thorsome2,level_2
Mr007Trader,level_2
makedailyPr,level_2
1ThessCh5,level_2
morrismd1918,level_2
GallionNot,level_2
IrateModerate,level_2
The_Hastening,level_2
aleporchile,level_2
NCGMAR033,level_2
Acuarian38,level_2
BernarditaRuiz1,level_2
AnaPulgarp,level_2
LuisAng39998543,level_2
SelvaBlanca2,level_2
The_Valkyrja,level_2
patriotamk,level_2
LorenaFm2050,level_2
pildorared,level_2
IsabaelMayor,level_2
LuzMariadeChile,level_2
gloriairp,level_2
Victor31144030,level_2
vvdgbgfsdglngvv,level_2
gonzalezsaavedr,level_2
tripeskado,level_2
fitzflyer83,level_2
ccastroabogado,level_2
bad_bytes,level_2
BillyBonney11,level_2
SlumberMachine,level_2
unknown16704748,level_2
realGandhifren3,level_2
SilvrSpookGames,level_2
Texas_independ,level_2
marklongtown,level_2
USACONSERVER,level_2
HodorRobin,level_2
yaneverknowww,level_2
SquilliamGroype,level_2
jk1087,level_2
IsraelEnjoyer,level_2
Darthgroypernyc,level_2
okcon_politics,level_2
MeasureAbsolute,level_2
one_kaiser,level_2
AryanCrash,level_2
NeanderthalYT,level_2
spectressina,level_2
breekeki,level_2
MemeCrusadeLLC,level_2
rwklein,level_2
DarthApuReborn,level_2
jHawthorne78,level_2
TheWhiteGirlsHQ,level_2
ozbrah4,level_2
pete7505,level_2
borisjela,level_2
Interga60073261,level_2
wittgenfine,level_2
CaptNemo_20000,level_2
stephen_point,level_2
FlamontFxt,level_2
Burke4Senate,level_2
NecropolisVarna,level_2
_M_A_C_C_A__,level_2
Popsunderhouse1,level_2
dimigalano,level_2
Wolfophobic2,level_2
kinimatini,level_2
DarkPulse10,level_2
4fABkkc5xTv2aek,level_2
14Bi13QkpsKqF65,level_2
HGeorgil,level_2
Nuvolarius,level_2
based_d00mer,level_2
Dimi_Zaharakis,level_2
tesssummers98,level_2
MsRightMsRight,level_2
libertybllitz,level_2
DAVIDOD50,level_2
tarahtori,level_2
annika1021,level_2
Manlixeri,level_2
chcbhbcdjmnnb1,level_2
BLewis02152227,level_2
GuliableMany,level_2
sylviebarnesli1,level_2
booshie124,level_2
flynn_dec,level_2
AdamDelvecchio7,level_2
diregineez,level_2
Jimi_1015,level_2
RegPerrin2,level_2
MarkRStevenson,level_2
brimage_stephen,level_2
wat_ghost,level_2
lienomail,level_2
CatholicEnglisc,level_2
WLM60251922,level_2
B1o2r9h,level_2
bluenosecf,level_2
mark42real,level_2
THunter1109,level_2
dettadev,level_2
CogdellLee,level_2
QTWIQ1,level_2
kg62459,level_2
RossMagot,level_2
juzjaz2,level_2
FM_NoAlgos,level_2
ArmyIsBack2,level_2
jrcarter2010,level_2
Binky4419,level_2
MichaelAloe,level_2
RdrHrly,level_2
MAGABITCH10,level_2
Panannon__,level_2
KrakenRoberto,level_2
WentworthCj,level_2
ItsaGusher,level_2
fsturgeonfl,level_2
locoashes,level_2
Jim_Bob_Pete,level_2
tdpga,level_2
sojoman4,level_2
ForAshli,level_2
Dr_Mitri,level_2
MartianClowncar,level_2
zeroToleranceO,level_2
H1bH4VisaEnder,level_2
Von00533635,level_2
TheModerateMan,level_2
staffandscrip,level_2
NumanGarry,level_2
j_bot7777,level_2
sensible_voter,level_2
Captron1960,level_2
vick_tipnes,level_2
PowellMason415,level_2
AllMenAreEqual2,level_2
Sulayma95224881,level_2
vincn7,level_2
edifiquest,level_2
excelmediagrp,level_2
CognacJacques,level_2
SUGenocide,level_2
NarraVota,level_2
jacobdeleeuwe,level_2
mariemetmening,level_2
shineblackalgiz,level_2
HansDek35828687,level_2
GrootKo,level_2
Mystica1970,level_2
york026,level_2
Jan_op_recht_s,level_2
OpiniezMagazine,level_2
WestlandseGaab,level_2
ThomasInLeiden,level_2
Geskes,level_2
TarrassSamira,level_2
moneygroundnl,level_2
goolaged,level_2
esoteric_west,level_2
Omnipangolin,level_2
sgtgell,level_2
Color_Of_Crime,level_2
warmbudlite,level_2
FloridaRichie,level_2
dambuster633,level_2
athbreith,level_2
FlorianM31,level_2
AsynIdunn,level_2
CONOR28351110,level_2
andyblueskyz,level_2
MarketTInternet,level_2
TylerThammy,level_2
Gabriel26811770,level_2
ZasranyN,level_2
JessicaClinkert,level_2
FjellSean,level_2
FrantizekPaul,level_2
whiz_purr,level_2
sigmapilled,level_2
bugattiposter,level_2
sega_cd_system,level_2
NEIGHBORLY_FL,level_2
TanjaHannah,level_2
PowerKraut9000,level_2
EntirelyCommish,level_2
Hnk65077762,level_2
pencildreams,level_2
SpectreO14,level_2
CommandantHansy,level_2
Amer1can_H0n3y,level_2
BonvilleJason,level_2
TMainolfiWESH,level_2
LootinSteven,level_2
EBTKang,level_2
flossyflange,level_2
G00DThief,level_2
TheItalianonez,level_2