realSlaughtz,origin
MioBread,level_1
Bridget07041969,level_1
CritterCrits,level_1
YORAMRW,level_1
dmanofgold,level_1
October3rd1965,level_1
CuberickStanley,level_1
Tequila49122287,level_1
Alma_Lahar,level_1
UnreformableB,level_1
StupidWhiteAds,level_1
engine9ladder1,level_1
EuropeanRevolt,level_1
ECalifornians,level_1
OkkuRashSpirit,level_1
ArmstrongEnneth,level_1
bernieshrugs,level_1
KentAllard00,level_1
AdvocateMaurice,level_1
NikoZerk,level_1
twentyfourlettr,level_2
SwerveCityHero,level_2
R3SURR3CT10N1ST,level_2
AwakenedSaxon1,level_2
AxisJane,level_2
Goosey4444,level_2
GreenManEng,level_2
TwinReaIist,level_2
Dreyrugr1,level_2
DiPunished,level_2
Turnbull_ls10,level_2
IdentitarianC,level_2
fairhair_harold,level_2
LinkieBig,level_2
StopAntiWhite,level_2
bpoppap,level_2
donovan_pauline,level_2
FrancisGreen17,level_2
TheodorUnderhi1,level_2
officalJohnnyd,level_2
Kiramelton6,level_2
RMulherine,level_2
Rare_Diamond217,level_2
CarlWorsham,level_2
ArgumenIndians,level_2
kean_ureevesc,level_2
AlexanderHelge8,level_2
coveredinpunk,level_2
LT_Misc,level_2
AminaRosamary,level_2
the_wombat_08,level_2
ainsford_james,level_2
JohnnyD77375996,level_2
reddirtgirl12,level_2
SGTValadez,level_2
Sheryll19210767,level_2
ZinovyRoark,level_2
waynetlc,level_2
SnippityPakin,level_2
UnyieldingA7X,level_2
ItProblematic,level_2
ZephyrAugustus,level_2
EllieAsksWhy,level_2
MichiganWave,level_2
metaauthor,level_2
capgunsz,level_2
Inductivist,level_2
jackpo773,level_2
Fear_Leader,level_2
tyger_tyger_,level_2
marchk,level_2
Scearpo,level_2
miraforeman,level_2
bodaciousrodent,level_2
RobertScout,level_2
GomezAnally,level_2
Slender_Sir,level_2
icedcoff3,level_2
FormerLiberal24,level_2
coxasw_vasw,level_2
SigmaGael,level_2
smerigenerd,level_2
snowbunting42,level_2
persianmootje,level_2
ThruTheHayes,level_2
HateOnWhitey,level_2
VeltmaatRuurd,level_2
SerenaJB3,level_2
ArabGroyper,level_2
BlueBlock17,level_2
HarrisonKrank,level_2
TenplusfourE,level_2
ollie709,level_2
truthforgoyim,level_2
MakeMericaFla,level_2
ViaViaPersoneel,level_2
Marcosun38Marco,level_2
gherusselman,level_2
Fant0mFDN,level_2
RealCoachClay,level_2
Theta_Networks,level_2
floater_ocean,level_2
sir_fulcher,level_2
basketofjenn,level_2
Always1America,level_2
trigwarnradio,level_2
MikeJJustice1,level_2
66_dlking,level_2
DDeerring,level_2
369_cj,level_2
JohnCro35681624,level_2
JohnOutbakjak,level_2
3speakonline,level_2
sawmilltaters,level_2
Shelgas,level_2
Herbalgrandma49,level_2
Vincent_James02,level_2
WatchDog1958,level_2
RobertJ76254312,level_2
JLarey83,level_2
shadow190190,level_2
LibertyVictory1,level_2
fosterroy12,level_2
BouillonKnights,level_2
Chotapegs,level_2
FD1000,level_2
GuyNeeded,level_2
leslibless,level_2
oldguy_steve,level_2
annettescat,level_2
Mariama88784838,level_2
incelCuomo,level_2
petrocat64,level_2
CoolChange80,level_2
JumpyVase,level_2
magid1969,level_2
JoshMandelOhio,level_2
sportballplayer,level_2
RobinNoMask,level_2
LeonSolarpunk,level_2
DavWhite,level_2
Suddle1,level_2
wordwhisperer,level_2
Jonteinspain,level_2
TruthOfSigns,level_2
FunTimeFred1,level_2
Morfran1,level_2
jackhewitt766,level_2
humainegarbeige,level_2
imperium_v,level_2
SchwabBum,level_2
schizorabia,level_2
SitheachReborn,level_2
BublitzCleo,level_2
JFGariepy,level_2
GoldenE85203308,level_2
hands_space,level_2
BraveVasalisa,level_2
GrandmaWolf100,level_2
arborsmarty,level_2
TofuToni,level_2
RonnyCameron86,level_2
ExpandedGalaxy,level_2
ChuckMillerWAC,level_2
StopLearn2,level_2
PaintyWife,level_2
KaymakliBlue,level_2
Australian911,level_2
LukeMas99671730,level_2
__i960,level_2
Digitalis_Dude,level_2
fairisleforest,level_2
Cynefin8,level_2
NoWhiteGuiltNWG,level_2
NorseTom,level_2
SauceEllis1,level_2
ShiregreenOwl,level_2
SerialNoticerII,level_2
docuterror,level_2
edward_hartley,level_2
rickhenry1775,level_2
LeverettAlexis,level_2
mitrebarnet,level_2
thespacepirate,level_2
Will84988733,level_2
Cassini45511893,level_2
plinkyplonk_eye,level_2
TheSapIsRising,level_2
ziverdokits,level_2
Chrissi52027025,level_2
Orwells_lament,level_2
ANDIBABY8,level_2
Bee42681881,level_2
sunees111,level_2
LittleDi70,level_2
BasicaIIyNobody,level_2
JosephKingOOOO,level_2
CheeseLeaf,level_2
Charlot32347990,level_2
TomBradyRules12,level_2
JRiNK385,level_2
the_n_word__,level_2
Rick05704175,level_2
Bot3Bob,level_2
TUSSCOMMANDER,level_2
PeerNight,level_2
ElslooJohan,level_2
d_orcet,level_2
Sandrift1,level_2
walesjoey1,level_2
darksavior79,level_2
lanegriuy__4l,level_2
sevenzemper,level_2
HomesteadNovice,level_2
MKSO03,level_2
jacklawrence06,level_2
wat_ghost,level_2
nulluser1O,level_2
TranscendInside,level_2
TheWhiteGirlsHQ,level_2
ddgaspl,level_2
coratradi,level_2
HEYBOWSELECTA,level_2
MaxSpurlock3,level_2
niggawitshoyth,level_2
Melliebelle2,level_2
ragnark01365829,level_2
EMisheff,level_2
truthwarz,level_2
GeorgeIsChillin,level_2
_matthew_1927,level_2
Flightschool4c1,level_2
SoaklandLouise,level_2
Soberdefender,level_2
medanlang_sf,level_2
citizenj17,level_2
GodFiveStars,level_2
jurgenson_janet,level_2
roncarlson1,level_2
sugarknight33,level_2
1in5advocacy,level_2
jenreport,level_2
AprilYao20,level_2
2p718,level_2
legorobotdude,level_2
EvaZhou95360660,level_2
RTK18722957,level_2
SteveMillerOC,level_2
Scrapper_237032,level_2
JardineKari,level_2
Maozedank1,level_2
bartmccollum,level_2
GirlTheBern,level_2
Kommand05603205,level_2
CaptNemo_20000,level_2
WhiteMan1861,level_2
Good_Girl_95,level_2
tarahtori,level_2
Zararos22571968,level_2
CPunk1984,level_2
DAbitty,level_2
housewife8888,level_2
PissoffEU,level_2
BlueBrightest,level_2
TanyaCornfield,level_2
la_chatte_verte,level_2
Jillian81826945,level_2
HassidicHomeboy,level_2
HannuL3,level_2
DuelQuasar2,level_2
Homeless_Canada,level_2
hillsdonald101,level_2
dgventers,level_2
molamin94754970,level_2
GraceTrucker,level_2
AntiRac84229184,level_2
sueq313,level_2
roberthegreat91,level_2
MitziNickel,level_2
theleveloftime,level_2
KerryOLeary4,level_2
Mikedubbs76,level_2
lkawsu,level_2
cutter588,level_2
Whitera08566324,level_2
Lesmvert,level_2
Kendall00791917,level_2
LisaTurnage12,level_2
EricChu09374233,level_2
today_mills,level_2
italia_patriot,level_2
MethAutist,level_2
JoseForFlorida,level_2
animelord951,level_2
Youngda18304317,level_2
WinGam9,level_2
novusmundi,level_2
NecropolisVarna,level_2
AugustEichel,level_2
NMemeguy,level_2
LtWhiteII,level_2
bradystandefer,level_2
The_GhostGunner,level_2
BFar0320,level_2
MuhHeidigger,level_2
DougtheC,level_2
PunishedAuer,level_2
Cornealius10,level_2
CamDowler,level_2
SilkenThread88,level_2
DestroyStop,level_2
Rvogt1_cba,level_2
DawnieBrowning,level_2
artislife14,level_2
Taimi_xx,level_2
HeavyBellz,level_2
Abnormocracy,level_2
dicksblackbess,level_2
fifi_j,level_2
nastymutant,level_2
FOSTERMMXXII,level_2
DustyThyme92,level_2
SaikaTuomi,level_2
Jk16010,level_2
ForNullUSA,level_2
NotYizz,level_2
HungarianSpect1,level_2
CryptonicsNFT,level_2
SteffenTettenb1,level_2
darmowe_krypto,level_2
Jynura1,level_2
lernblogs,level_2
art_zarco,level_2
AsuFaithful,level_2
HussamKal2,level_2
MoazzamHaider9,level_2
bd_unian,level_2
CryptoW02983954,level_2
maparari1,level_2
_argeh7,level_2
pengereum,level_2
Mproxima1,level_2
Real_JamesCarr,level_2
322Jesmith,level_2
shamrikin,level_2
CrochetBee_,level_2
ekimdrachir,level_2
