ProWhiteDwight,origin
gahdangsonbit,level_1
RobertJ76254312,level_1
newsswen1,level_1
ThomasPterodac1,level_1
Hansvorna,level_1
agirlnamedkaren,level_1
RustledGot,level_1
fachistoteles,level_1
BIack_Philip,level_1
dagseven,level_1
JamesMo08791021,level_1
Polar65921213,level_1
NoToPCBS,level_1
w57643278,level_1
Boogaloo_76,level_1
philr755,level_1
adastra799,level_1
julianna4307,level_1
Mb32058319,level_1
glowyafchickjk,level_1
jasonst86392641,level_2
DarrenT84962299,level_2
GOPPollAnalyst,level_2
RealChaimHaber3,level_2
BrianDTexan,level_2
jflck,level_2
RobDanzuso,level_2
CalamiaSam3,level_2
aka_koon,level_2
Eloise93833941,level_2
Rehema09835564,level_2
shiiliu,level_2
Chess_Aesthetic,level_2
Eyconik,level_2
MadPatriot65,level_2
DanaHam13125176,level_2
Michael94443345,level_2
EverytimeUse,level_2
Ken97109552,level_2
rj_diedrich,level_2
themascator1,level_2
IndigenousBrit8,level_2
StopLearn2,level_2
Patriot_Gus,level_2
RonnyCameron86,level_2
BonnieBrendaMo2,level_2
SerenaJB3,level_2
Whitewellbeing1,level_2
FOSTERMMXXII,level_2
ip2always,level_2
BainzyC,level_2
EnglishGent79,level_2
FormerLiberal24,level_2
w1mav,level_2
JFGariepy,level_2
thomstern,level_2
mpKMXGk2vbCYe5c,level_2
AmExcp227,level_2
OakeRoyal,level_2
Austin_Zone,level_2
EthelUnreddy,level_2
NxallAnglo,level_2
WestHullensian,level_2
AnthonyBouchard,level_2
SilasSpeaks,level_2
norwich_guy,level_2
t99bull,level_2
skgll,level_2
TheCourtesan1,level_2
_matthew_1927,level_2
MorrisJ65,level_2
SeidelIngo,level_2
cephiyr,level_2
PhilosophiCol,level_2
JuanMPrieto3,level_2
ToroczkaiLaszlo,level_2
SoloKeki,level_2
crimes_black,level_2
NoMoreForIsrael,level_2
ClodiusPulcher4,level_2
Deus_Nigel,level_2
planet36,level_2
R34lR3v0luti0n,level_2
Heronight55,level_2
DevTex1,level_2
gummybearteddy1,level_2
CARNIVO93792580,level_2
sailinjackvip,level_2
mjboroski,level_2
Camillo68523381,level_2
DrNoMask,level_2
thorsome3,level_2
VivaVoce20,level_2
GrimmRoy,level_2
Captain44618202,level_2
BJamaste,level_2
NaturalnewsInfo,level_2
latenitebobbyd,level_2
MoeFactz,level_2
BackstromMicke,level_2
MAGAMedium1_7,level_2
Thread4Truth,level_2
princesspbbaby,level_2
marshalloftroy,level_2
ArmedPatriot45,level_2
Davewalters127,level_2
FreedomIsrael_,level_2
mukunld,level_2
M1Investor,level_2
blondenblue44,level_2
CRSP_INVESTOR,level_2
HarleyMonster,level_2
AngeloG_016259,level_2
MyCatIsFreya1,level_2
MicroCapValue,level_2
Benmcgiffert,level_2
GuyNeeded,level_2
toad2022,level_2
kanne_lie,level_2
thorsome2,level_2
Mr007Trader,level_2
makedailyPr,level_2
1ThessCh5,level_2
morrismd1918,level_2
GallionNot,level_2
IrateModerate,level_2
The_Hastening,level_2
aleporchile,level_2
NCGMAR033,level_2
Acuarian38,level_2
BernarditaRuiz1,level_2
AnaPulgarp,level_2
LuisAng39998543,level_2
SelvaBlanca2,level_2
The_Valkyrja,level_2
patriotamk,level_2
LorenaFm2050,level_2
pildorared,level_2
IsabaelMayor,level_2
LuzMariadeChile,level_2
gloriairp,level_2
Victor31144030,level_2
vvdgbgfsdglngvv,level_2
gonzalezsaavedr,level_2
tripeskado,level_2
fitzflyer83,level_2
ccastroabogado,level_2
bad_bytes,level_2
BillyBonney11,level_2
SlumberMachine,level_2
unknown16704748,level_2
realGandhifren3,level_2
SilvrSpookGames,level_2
Texas_independ,level_2
marklongtown,level_2
USACONSERVER,level_2
HodorRobin,level_2
yaneverknowww,level_2
SquilliamGroype,level_2
jk1087,level_2
IsraelEnjoyer,level_2
Darthgroypernyc,level_2
okcon_politics,level_2
MeasureAbsolute,level_2
one_kaiser,level_2
AryanCrash,level_2
NeanderthalYT,level_2
spectressina,level_2
breekeki,level_2
MemeCrusadeLLC,level_2
rwklein,level_2
DarthApuReborn,level_2
jHawthorne78,level_2
TheWhiteGirlsHQ,level_2
ozbrah4,level_2
pete7505,level_2
borisjela,level_2
Interga60073261,level_2
wittgenfine,level_2
CaptNemo_20000,level_2
stephen_point,level_2
FlamontFxt,level_2
Burke4Senate,level_2
NecropolisVarna,level_2
_M_A_C_C_A__,level_2
Popsunderhouse1,level_2
dimigalano,level_2
Wolfophobic2,level_2
kinimatini,level_2
DarkPulse10,level_2
4fABkkc5xTv2aek,level_2
14Bi13QkpsKqF65,level_2
HGeorgil,level_2
Nuvolarius,level_2
based_d00mer,level_2
Dimi_Zaharakis,level_2
tesssummers98,level_2
MsRightMsRight,level_2
libertybllitz,level_2
DAVIDOD50,level_2
tarahtori,level_2
annika1021,level_2
Manlixeri,level_2
chcbhbcdjmnnb1,level_2
BLewis02152227,level_2
GuliableMany,level_2
sylviebarnesli1,level_2
booshie124,level_2
flynn_dec,level_2
AdamDelvecchio7,level_2
diregineez,level_2
Jimi_1015,level_2
RegPerrin2,level_2
MarkRStevenson,level_2
brimage_stephen,level_2
wat_ghost,level_2
lienomail,level_2
CatholicEnglisc,level_2
WLM60251922,level_2
B1o2r9h,level_2
bluenosecf,level_2
mark42real,level_2
THunter1109,level_2
dettadev,level_2
CogdellLee,level_2
QTWIQ1,level_2
kg62459,level_2
RossMagot,level_2
juzjaz2,level_2
FM_NoAlgos,level_2
ArmyIsBack2,level_2
jrcarter2010,level_2
Binky4419,level_2
MichaelAloe,level_2
RdrHrly,level_2
MAGABITCH10,level_2
Panannon__,level_2
KrakenRoberto,level_2
WentworthCj,level_2
ItsaGusher,level_2
fsturgeonfl,level_2
locoashes,level_2
Jim_Bob_Pete,level_2
tdpga,level_2
sojoman4,level_2
ForAshli,level_2
Dr_Mitri,level_2
MartianClowncar,level_2
zeroToleranceO,level_2
H1bH4VisaEnder,level_2
Von00533635,level_2
TheModerateMan,level_2
staffandscrip,level_2
NumanGarry,level_2
j_bot7777,level_2
sensible_voter,level_2
Captron1960,level_2
vick_tipnes,level_2
PowellMason415,level_2
AllMenAreEqual2,level_2
Sulayma95224881,level_2
vincn7,level_2
edifiquest,level_2
excelmediagrp,level_2
CognacJacques,level_2
SUGenocide,level_2
NarraVota,level_2
jacobdeleeuwe,level_2
mariemetmening,level_2
shineblackalgiz,level_2
HansDek35828687,level_2
GrootKo,level_2
Mystica1970,level_2
york026,level_2
Jan_op_recht_s,level_2
OpiniezMagazine,level_2
WestlandseGaab,level_2
ThomasInLeiden,level_2
Geskes,level_2
TarrassSamira,level_2
moneygroundnl,level_2
goolaged,level_2
esoteric_west,level_2
Omnipangolin,level_2
sgtgell,level_2
Color_Of_Crime,level_2
warmbudlite,level_2
FloridaRichie,level_2
dambuster633,level_2
athbreith,level_2
FlorianM31,level_2
AsynIdunn,level_2
CONOR28351110,level_2
andyblueskyz,level_2
MarketTInternet,level_2
TylerThammy,level_2
Gabriel26811770,level_2
ZasranyN,level_2
JessicaClinkert,level_2
FjellSean,level_2
FrantizekPaul,level_2
whiz_purr,level_2
sigmapilled,level_2
bugattiposter,level_2
sega_cd_system,level_2
NEIGHBORLY_FL,level_2
TanjaHannah,level_2
PowerKraut9000,level_2
EntirelyCommish,level_2
Hnk65077762,level_2
pencildreams,level_2
SpectreO14,level_2
CommandantHansy,level_2
Amer1can_H0n3y,level_2
BonvilleJason,level_2
TMainolfiWESH,level_2
LootinSteven,level_2
EBTKang,level_2
flossyflange,level_2
G00DThief,level_2
TheItalianonez,level_2
