AW_HateWatch,origin
EMisheff,level_1
truthtemptress,level_1
BasedandK,level_1
Boogaloo_76,level_1
HomesteadNovice,level_1
kerbaron,level_1
VDAREJamesK,level_1
HeteroFighter,level_1
twentyfourlettr,level_1
FortranGary,level_1
AlderamC,level_1
IndigenousBrit8,level_1
marker_teal,level_1
Maddog20212,level_1
pterodactyl1984,level_1
cyrus992,level_1
profjulieanne,level_1
SSFSguy,level_1
sum_romanus,level_1
ThomasPterodac1,level_1
luminescemt,level_2
artislife14,level_2
Correction2016,level_2
michaelmaver106,level_2
DonAeterna,level_2
Moillietten,level_2
BeeHeaven911,level_2
RealBugSmasher,level_2
Mikesports5,level_2
vrilpilled,level_2
blondenblue44,level_2
Blitzdeport,level_2
AkuraElvas,level_2
AnneCoulson15,level_2
BritSubjAtHeart,level_2
celticviking14,level_2
Save4west,level_2
Llewell91902386,level_2
wat_ghost,level_2
OldPlankRd,level_2
adams_holding,level_2
GEmmettMouse,level_2
setoutwoulemski,level_2
4ziggythegreat,level_2
kingrch3,level_2
Shailesh063,level_2
abrahao_koffler,level_2
D2ombie,level_2
PaulGreenTPB,level_2
hariJHONY__,level_2
Vicky49313825,level_2
Candyycase,level_2
BlueRMO,level_2
iretweetnsfw,level_2
chainsaul1,level_2
mynameiskingly,level_2
Adam71181572,level_2
pantazyev,level_2
Davis_Chrisxx,level_2
haram2km,level_2
PulpReel,level_2
LawParty,level_2
HallyuWebsite,level_2
bismarkangbot,level_2
Shantel13329393,level_2
IdellSittloh,level_2
THATSMYPURSE,level_2
TheDoubleZTV,level_2
RealDeeb360,level_2
podcast_rewatch,level_2
Gere79951979,level_2
algooooooooooo,level_2
heloman99,level_2
Anon61522054,level_2
kevinsoze2,level_2
groypersmith69,level_2
BlackPill12,level_2
johnfirewall,level_2
the7awishere,level_2
butterfli_cats,level_2
QTWIQ1,level_2
kg62459,level_2
RossMagot,level_2
juzjaz2,level_2
FM_NoAlgos,level_2
ArmyIsBack2,level_2
jrcarter2010,level_2
Binky4419,level_2
MichaelAloe,level_2
RdrHrly,level_2
MAGABITCH10,level_2
Panannon__,level_2
KrakenRoberto,level_2
WentworthCj,level_2
ItsaGusher,level_2
fsturgeonfl,level_2
locoashes,level_2
Jim_Bob_Pete,level_2
tdpga,level_2
DaveDownshift,level_2
horny69hank,level_2
Squigzy_,level_2
CpptHodl,level_2
FuroridaNoMaya,level_2
ozbrah4,level_2
LocalWhiteDevil,level_2
toonz_ink,level_2
theman58023905,level_2
halfkimjongun,level_2
JonBreakBadNews,level_2
GreatSouledSam,level_2
MorningWacky,level_2
realTomPappert,level_2
theresa2carter,level_2
CalvinGroyper,level_2
MrPumpkinFace1,level_2
GamerOaks,level_2
rightwingnutrs,level_2
RonPaulsSock,level_2
TheWhiteGirlsHQ,level_2
JoeRudyard,level_2
StoicGuide,level_2
SilkenThread88,level_2
Amy_amorie,level_2
CANZUKpics,level_2
toad2022,level_2
FlamingBlossom,level_2
Dylan_Mikes,level_2
StingingMan,level_2
Good_Girl_95,level_2
SodalityH,level_2
BobPrester,level_2
JohnWoodbridge6,level_2
Artemis2030,level_2
MichaelPSenger,level_2
BrushPercy,level_2
ScottGo18320060,level_2
roseskar,level_2
KarenColonizer,level_2
Ca_HerreraO,level_2
RenRinette,level_2
MContr0l,level_2
ZoomerYeti,level_2
PartisanDave,level_2
LudwigTheWhite,level_2
Johndoemd22,level_2
MilsteadRyan,level_2
Shauncat,level_2
michaelsgordon,level_2
Apocalypse20221,level_2
YourFathersaunt,level_2
1578Anon,level_2
Rockwell_Rvw,level_2
audreym80963947,level_2
illtakemystand1,level_2
swifteagle8,level_2
Lukicversion2,level_2
ArLexitus,level_2
We_Make_America,level_2
RPA80208215,level_2
Noam1981,level_2
italxyz,level_2
ElCigarro88,level_2
JCarlosMoSS,level_2
freedomtesto,level_2
wMNhyaRVsIOCywu,level_2
elusuariorodras,level_2
BrunohortelanoV,level_2
keoland123,level_2
SpicyGramola,level_2
NoSoyGei1,level_2
John15738423,level_2
juananxy1,level_2
EBebeches,level_2
HealthyAlpha,level_2
zumodorslok,level_2
AmableSaurio,level_2
VournasNtinos,level_2
GasgaRicardo,level_2
cryptoex365,level_2
HateOnWhitey,level_2
BelleroQuavius,level_2
KosChertified,level_2
DolanGroyper,level_2
ElizabethDeuts8,level_2
CalvinCixre,level_2
Neo_Wallet,level_2
plombotomy,level_2
Doublooner,level_2
Yuxi83699150,level_2
TitsTitsTits99,level_2
SexyAnime99,level_2
Bakhtia50049859,level_2
MattRivii2,level_2
DeFiHopium,level_2
benssemchee,level_2
venture1C,level_2
marymcquillen01,level_2
Cryptomran,level_2
tevaloa,level_2
TheNorthSignal,level_2
Kindle_SciFi,level_2
siyakasonko,level_2
UnbannableBob,level_2
TeriWil50688852,level_2
kyle12613756,level_2
wakeupworld15,level_2
Lgbtqbipoc,level_2
Archie_Gwailou,level_2
earlkralik,level_2
Fashy_Mama5p,level_2
TransWomenSport,level_2
Zachariahskylab,level_2
ZeitTrash,level_2
Eunice95321697,level_2
kujabi_n,level_2
leavemealone148,level_2
JimmyLevendia,level_2
robertsondcang1,level_2
IntranetExplor1,level_2
frankiehawk88,level_2
TaTa80686030,level_2
BNP_Bexley,level_2
Artur19672510,level_2
Taimi_xx,level_2
JamesWindsorGI,level_2
staffandscrip,level_2
RedEnsignCoffee,level_2
7WZ575WZSzzfF8t,level_2
tonyangelcyn,level_2
white_king88,level_2
crimes_black,level_2
athbreith,level_2
Wintersbane90,level_2
margitwonka,level_2
themascator1,level_2
This_Way_Evropa,level_2
sixtiessound,level_2
FiferColin,level_2
PuneetK02825373,level_2
MenTooSave,level_2
blackishmonday,level_2
davincidiva,level_2
MWWT_tweet,level_2
CzarOfSense,level_2
varun284gmailc1,level_2
MiliS62751908,level_2
IIdentifyAs2,level_2
Girgit_TV_India,level_2
fierceman1991,level_2
LavAgarwal95,level_2
sara_hagarty,level_2
ozols_aldis,level_2
Minoritygender,level_2
steve_oh_67,level_2
Dicksson2,level_2
LeeMarksAuthor,level_2
MNadergul,level_2
SulleyTruman,level_2
awaitinggaia,level_2
JanTheuninck,level_2
skankyliar,level_2
shawdj,level_2
NONONOEU,level_2
seanr86519440,level_2
trixie_2000,level_2
miola_mic,level_2
LEJAIIXIX1,level_2
671Native,level_2
audreybbonbon,level_2
GailEHughes,level_2
Davidgeorgeking,level_2
7BOURNEY,level_2
SeaBell15,level_2
WoodReporting,level_2
SomethingAbbey,level_2
And10V,level_2
Denzal27,level_2
MainPolitics,level_2
Jodi4Henderson,level_2
CulinaryAWinc,level_2
boom_bull,level_2
MikeNova18,level_2
nlslicensing,level_2
EdgarFloresNV,level_2
rodriguesalexlv,level_2
Joey_Galvin,level_2
christrinh95,level_2
MarshaDerheime1,level_2
Myperfectliber1,level_2
WankerWelsh,level_2
Keithyyz70,level_2
ckqueen1313,level_2
Laurent13701445,level_2
makemeprecum,level_2
JacobJohnXXX,level_2
theSohamJain,level_2
st4r8oy,level_2
Euroboys,level_2
Aria_bunz,level_2
Rodolfo69105833,level_2
dicklover_alt,level_2
j0ker_1_,level_2
sixfootcandy,level_2
SevastianXXX,level_2
elcalamardo69,level_2
BoomBoomBetty,level_2
JBHDad143,level_2
cannon_need,level_2
forest_boreal,level_2
dsallen71,level_2
_V5M1000,level_2
order152,level_2
sensingbeauty,level_2
housewife8888,level_2
itweetcolibri,level_2
J1bbs,level_2
BPGeordie,level_2
w57643278,level_2
EnochWasRight__,level_2
PymPurnell,level_2
fifi_j,level_2
graytracey292,level_2
traditiogent,level_2
MJuleii,level_2
treebloodsoil,level_2
AudacesAeternam,level_2
GlobalReadiness,level_2
FOSTERMMXXII,level_2
ip2always,level_2
BainzyC,level_2
EnglishGent79,level_2
FormerLiberal24,level_2
w1mav,level_2
JFGariepy,level_2
StopLearn2,level_2
thomstern,level_2
mpKMXGk2vbCYe5c,level_2
AmExcp227,level_2
OakeRoyal,level_2
Austin_Zone,level_2
EthelUnreddy,level_2
NxallAnglo,level_2
WestHullensian,level_2
AnthonyBouchard,level_2
SilasSpeaks,level_2
norwich_guy,level_2
t99bull,level_2
