IzzyFitton,origin
zhaozj89,level_1
ResFortnight,level_1
koqoo,level_1
unshiney,level_1
teej_matthews,level_1
MaxN0ir,level_1
_KingPete_,level_1
rajaveearora,level_1
loisplayer,level_1
JackEvansVR,level_1
Eu_a_Eve,level_1
MariosMarneros,level_1
AVitterso,level_1
SusannaMarie,level_1
WendyLawn,level_1
CaitlinENaylor,level_1
XRDRN_ORG,level_1
m_rzeszewski,level_1
AshaMarie18,level_1
william99659653,level_1
BRigbyDames,level_2
brifrischu,level_2
cathyholloway1,level_2
James_A_Devine,level_2
MichaelProulx,level_2
adrianalic,level_2
marybee,level_2
Judith_Ley,level_2
aquigley,level_2
JiaChenCCA,level_2
oseledetsivan,level_2
jmiro1,level_2
yongquan_hu,level_2
dungdx34,level_2
w_huerst,level_2
ZohrehOvaisi,level_2
AsaCoopStick,level_2
BrunyChamp,level_2
CostadeanosS,level_2
SalamAdliAssi,level_2
GeneOnlineNews,level_2
martin_downes,level_2
KaziHridoyAkas1,level_2
tU1lqRlS9JDwC7Y,level_2
wasArf,level_2
PRISMexeter,level_2
Esraa87556322,level_2
smith1994_chris,level_2
tfdavidson,level_2
nxref_,level_2
AtamanAkif,level_2
STRANGEINDUSTRY,level_2
MrT_Economics,level_2
Damreyuk73,level_2
Isma_2020,level_2
JillMarshallLAW,level_2
_JanaBusch,level_2
Intersolglobal,level_2
biomatrixsprx,level_2
lh1008,level_2
eladentopistevo,level_2
DanielsRio1,level_2
Osicapa,level_2
PantherMetals,level_2
HmsBarona,level_2
QueenisdeadThe,level_2
sadtteokbokki,level_2
BitcoinComedy,level_2
DocBooda,level_2
ScottByrd,level_2
sekhar_iota_ETH,level_2
MillerT63929625,level_2
CBtn13,level_2
andresr36316368,level_2
TopioNetworks,level_2
CheekyCrypto,level_2
MohamadSatar6,level_2
senthym,level_2
JuncaTech,level_2
RoblemVR,level_2
TheDigital3D,level_2
weare_chillin,level_2
kenzzzrs,level_2
_rap_culture_,level_2
bunnyoftheday_,level_2
chase_poopert,level_2
aakoch2,level_2
ArtNettoGallery,level_2
mmmdatpaige,level_2
futureholograms,level_2
IndoorCigarette,level_2
sapacelery,level_2
poseidonaskwhy,level_2
nismolivia,level_2
_GooseJuice_,level_2
Jess17711,level_2
_designjunction,level_2
oliviaava549,level_2
AlliCinema,level_2
Chill_Goblin,level_2
_FoolsBait,level_2
mygibbo,level_2
SocialistAct,level_2
Brian_1024_,level_2
nonsenseflower,level_2
MarkCrawford0,level_2
Michell72582264,level_2
sexdeathrebirth,level_2
melissarchaplin,level_2
ieatrichpeople,level_2
StarSeekerGame,level_2
EmmbeaArt,level_2
StudioBahia,level_2
PoshCrow,level_2
KiraKnoop,level_2
Vikram_B_Singh,level_2
BabyKakarot,level_2
Cdubbs_HBK,level_2
ZlaveB,level_2
scena360,level_2
kevinasarobot,level_2
SkyboundVR,level_2
JAshworthPhD,level_2
immersiveLRN,level_2
ebraun14,level_2
0Teacherbot2,level_2
sagefreeman,level_2
XRwithcharmseer,level_2
Koushik42386331,level_2
JoeGSwe,level_2
VR_AR_NewsInt,level_2
SuckerPunchVR,level_2
LeoGrint,level_2
malitician,level_2
vr_arcadia,level_2
sora21go,level_2
LuminEyeLimited,level_2
SyracuseLUX,level_2
JessJessFisher,level_2
MashaRemskar,level_2
lililutra,level_2
desolasunmoni,level_2
csingletonecon,level_2
BryanParthum,level_2
KKollydas,level_2
CEPS_Bristol,level_2
RobertS81950494,level_2
syyeam,level_2
cubel_maria,level_2
Jessica_30519,level_2
charlton_k,level_2
JazillusW168,level_2
PhdEvs,level_2
alvarogutyerrez,level_2
Lynne41907654,level_2
ConferenceIrtes,level_2
fritzhkh,level_2
BrainEvolutionN,level_2
CompCrossCognC,level_2
AleAliSousa,level_2
hollywilsh,level_2
MarvelousMike6,level_2
OPENVIResearch,level_2
meike_scheller,level_2
sharadbansal31,level_2
Vaibhav34404664,level_2
sharmaparth03,level_2
anuzkaaa,level_2
AnubhavSarkar9,level_2
ashvinlohiya,level_2
shuchi_naik,level_2
siddhi_chhabra,level_2
KarimRubaiya,level_2
ojaskumar9995,level_2
3T_Training,level_2
LouLiv1,level_2
RobHuwPeace,level_2
CatNaughtie,level_2
osborne_elo,level_2
AnnabelBurnley,level_2
MStaginnus,level_2
MahmoodRaqeeb,level_2
AliceR_Phillips,level_2
chlo_burke,level_2
rosiegibbs,level_2
ResearchBritish,level_2
AmeriEntre_ship,level_2
n_higsonsweeney,level_2
JoeWhiteUK,level_2
mentaldaily_com,level_2
JessAStern,level_2
safetyshoes_deb,level_2
PsychEEWoo,level_2
UBDVTLab,level_2
edit_vass_psy,level_2
torjournal,level_2
SusanMadigan3,level_2
BoHCareers,level_2
theyoungpress,level_2
DeviantDCD,level_2
DyspraxicDan,level_2
rosiemay_r,level_2
frannmacia,level_2
maxeweston,level_2
MamsMandrill,level_2
MarkKelson,level_2
TheDCDProject,level_2
avra2021,level_2
TheodoraDem1328,level_2
sarunele,level_2
jessjpiper,level_2
LabourSiobhan,level_2
Sophie_Sowden,level_2
JJWhitesnake,level_2
ramonmengarda,level_2
fefetibu,level_2
mendlowicz,level_2
RenaPat02829509,level_2
neurorigbuilder,level_2
stremainenelson,level_2
dennisclemente,level_2
BrainWorldMag,level_2
Dr_byron_joan,level_2
PadraigBelton,level_2
marcelodayrel,level_2
EpicImmersive,level_2
immersiveglobe,level_2
RevistaPalavras,level_2
nerdyiotguy,level_2
GustavoManzini,level_2
Letsgosocial,level_2
PGallag1,level_2
anushreedsharma,level_2
tjw_94,level_2
EmbedConfluence,level_2
bathunitortures,level_2
He_tasos,level_2
chrisskordellis,level_2
simonljones,level_2
constantinosAV,level_2
mostalive,level_2
EandTJ,level_2
MrSearch99,level_2
SavvaLoizos,level_2
Lucy_skordellis,level_2
GreenSmileCY,level_2
kafrakicy,level_2
EUROKERDOS,level_2
gkepertis,level_2
christina_ael,level_2
StevenHobbs113,level_2
LarissaMeijer4,level_2
lturmovidal,level_2
CRPSguru,level_2
ErinMacIntyre5,level_2
saadsnagi,level_2
peder_isager,level_2
MayoOnTheBrain,level_2
UCDmotorlab,level_2
in_lydia,level_2
Dru_JB,level_2
mayobrainlab,level_2
ConnorHaggarty,level_2
StephanieRossit,level_2
elena_azan,level_2
GianlucaSaetta,level_2
bethanydonaghy1,level_2
TheARM_Lab,level_2
TheSportyTurtle,level_2
jcc861,level_2
EmmaRosenBooks,level_2
DRNARENDERCHAN1,level_2
DrAlexanderShaw,level_2
drbeccapr,level_2
DHKpsy,level_2
AliciaGCork,level_2
liv_brown20,level_2
CDSteer,level_2
James62087677,level_2
jiteenahmed,level_2
Eduard_Margarit,level_2
CrescentJicol,level_2
JulieTurnerCobb,level_2
jmwatts_,level_2
AmpleAnimation,level_2
Kaal21949,level_2
VEI_Lab,level_2
smartwiters,level_2
fncischen,level_2
andrikos,level_2
Things3DVR,level_2
VRCONNECTED,level_2
Pasha_Plaha,level_2
Alejand08430782,level_2
TGrohganz,level_2
the12thmoonman,level_2
wcrpaul,level_2
Toymaker2,level_2
toudajew,level_2
nocchi_susanna,level_2
AmyLinguatech,level_2
909kishore,level_2
ingo_paetzold,level_2
CAMERA_Bath,level_2
DrMarcHolmes,level_2
JohnJJShaw,level_2
EleanorTWardle,level_2
adelina_m_h,level_2
VR_Neuroscience,level_2
ksk_S,level_2
joaomineiro07,level_2
sophspsych,level_2
v_simulators,level_2
JennyFielder,level_2
HunterSchone,level_2
JanetBultitude,level_2
wonderbrandland,level_2
FariaHuqOaishi,level_2
elepiech,level_2
blue_wade,level_2
eco_onis,level_2
enrich_decors,level_2
HumbleGuy101,level_2
adalbertoi,level_2
KENGOMEGA,level_2
VdeVic__,level_2
vr_sbs,level_2
BarungiMike,level_2
AljoschaFldess2,level_2
Tony_Fang_,level_2
DVroomstick,level_2
jjechternach,level_2
AnnaDesponds,level_2
avinash_singhh,level_2
ISVRSociety,level_2
TorinMonahan,level_2
JeremyCrampton,level_2
Astret,level_2
grhalegoua,level_2
Variant3D,level_2
holo_of,level_2
RiedelAtWork,level_2
tomslater42,level_2
czech_mi,level_2
Photon_Lens,level_2
Mikoaj77043177,level_2
j3rett,level_2
antievictionmap,level_2
skjethani,level_2
XR4Work,level_2
VLL_UCPH,level_2
doinggeography,level_2
mmsiwiak,level_2
srhstevenson,level_2
donalphillips,level_2
PotockaTeresa,level_2
slewpiter,level_2
jakubkorczynski,level_2
Annabel__always,level_2
HolographyNews,level_2
robertvongrey,level_2
ImLochhead,level_2
SteveMacDevitt,level_2
storyjuice,level_2
pcmcreative,level_2
Rouffi,level_2
wperesada,level_2
Dr_Black,level_2
jamie247,level_2
vandewcandew,level_2
ennikukka,level_2
LiuXigang,level_2
synctrics,level_2
MobioSolution,level_2
ElenaJa66214953,level_2
PromptSoftech,level_2
TheDigiCreators,level_2
MariaGa42975085,level_2
omanmbd,level_2
appicial,level_2
webstellars,level_2
PabauCRM,level_2
parvane24330505,level_2
CyberSecHerald,level_2
IamAdityaD,level_2
DEEPAKK66636574,level_2
PropertiesCasa,level_2
aoliveira_braga,level_2
DI_tweet,level_2
coldflamedesign,level_2
CTOClearimageAI,level_2
Nurulchicalah,level_2
