RightStuff47,origin
EMisheff,level_1
DavidHadley1973,level_1
SerenaJB3,level_1
HappyHarryMedia,level_1
Maddog20212,level_1
truthwarz,level_1
dcsmith1987,level_1
gungorvasfi,level_1
JudexXavier,level_1
BenDavi55690593,level_1
assissicourt,level_1
concordat_man,level_1
ThomasPterodac1,level_1
WilliamFoster_1,level_1
mojo500jomo,level_1
ResurrectedTyr,level_1
davidbrookplay,level_1
RoryGoebbels,level_1
bogballisshite,level_1
Cicci_9,level_1
Correction2016,level_2
michaelmaver106,level_2
DonAeterna,level_2
Moillietten,level_2
BeeHeaven911,level_2
RealBugSmasher,level_2
Mikesports5,level_2
vrilpilled,level_2
blondenblue44,level_2
Blitzdeport,level_2
AkuraElvas,level_2
AnneCoulson15,level_2
BritSubjAtHeart,level_2
celticviking14,level_2
Save4west,level_2
Llewell91902386,level_2
wat_ghost,level_2
OldPlankRd,level_2
RockNRose4ever,level_2
JohnHer74896746,level_2
ArthurCarling,level_2
RachelBrexit14,level_2
Ratillathehun,level_2
GameChangerGirl,level_2
ManselW,level_2
Davidsh61206204,level_2
Markceltproud,level_2
sapgasm,level_2
pepsiroo,level_2
Robert_wintour1,level_2
dwilliam9940,level_2
LouiseBarnsley1,level_2
Deedy2201,level_2
sophieheloiset,level_2
CarlBrasky,level_2
mrswendle,level_2
andrewm13481612,level_2
CaptTony11,level_2
DTierre,level_2
1971Jmb,level_2
electpritchard,level_2
iknownothingab6,level_2
notSkyKingFan47,level_2
retrotaxobscene,level_2
AndyMarriott3,level_2
Martin58172807,level_2
Mrbunny28,level_2
Spottedcanine,level_2
JenDesNor,level_2
Rajateate,level_2
MedusaWilson,level_2
Fifi227125588,level_2
OrbitVR15,level_2
Brooklynguy19,level_2
obviously123_,level_2
PowerKraut9000,level_2
GordonTheBaron,level_2
TheWhiteGirlsHQ,level_2
kundanaire,level_2
lisareality1,level_2
JeffLamp9,level_2
justvisiting61,level_2
laddiepre,level_2
braschen1,level_2
OXBRIDG78361665,level_2
onceandfuturek3,level_2
deborah1874,level_2
lveronicanorth,level_2
CarolineHutt,level_2
neil11103402,level_2
AnilxVerma,level_2
pingerz69,level_2
Riversparkle,level_2
Michal_Jenik,level_2
Tracey28864185,level_2
Sharon64704996,level_2
Shugmonster2,level_2
RRHawghead,level_2
SulleyTruman,level_2
staffandscrip,level_2
WilliamsBecke17,level_2
RagnarIronspear,level_2
Camelback71,level_2
NEIGHBORLY_FL,level_2
allanw389,level_2
GlobalBritain21,level_2
NKrankie,level_2
SpectreO14,level_2
LootinSteven,level_2
Dr_Doom_1990,level_2
hatedbymany14,level_2
GuyNeeded,level_2
Newgongue,level_2
MIDDLEAGEDBOOBZ,level_2
Melliebelle2,level_2
JayKins8,level_2
WoodchuckKing,level_2
Mbreteresheakts,level_2
memleketbizimTR,level_2
lyas23,level_2
seymawin,level_2
Turkicmaestro,level_2
Echidna______,level_2
eerdalserce,level_2
ummibirkadin,level_2
sooylan,level_2
melun_umelain,level_2
Enstalasyon_,level_2
niyenickolsunki,level_2
TahsinnHasan,level_2
yusufyildirrm,level_2
enesfindikci0,level_2
sberkeninyeri,level_2
hatixc,level_2
omererogluuu,level_2
aazraw,level_2
rebellefleurb,level_2
DelroyNevis,level_2
am_trumpberg,level_2
MSHopkins4,level_2
GoodchildEdward,level_2
Black6horizon,level_2
roszrumour,level_2
UltraMaxon,level_2
Ifyoutoleratet3,level_2
RWSalt,level_2
sanders_ksandfl,level_2
JaneSimkins66,level_2
hughmungus,level_2
jaksgirl06,level_2
NoVaccinePassp3,level_2
JazzyBlues4,level_2
kbf_nomasks,level_2
Awaken9876,level_2
AlfArthArch1,level_2
StrongerTG,level_2
sammylamb5,level_2
LindaRa58551127,level_2
vleeskroket,level_2
jesse_072,level_2
JagerGeert,level_2
mislukt12345,level_2
Awake23153870,level_2
ErnaSchoonderbe,level_2
liveanddiein010,level_2
Debatmeesters_,level_2
papilon90114480,level_2
J41963735,level_2
heenenweer3,level_2
Jemoede16887739,level_2
LinkseRakkers,level_2
TruthRaider1,level_2
DiddenWiell,level_2
jackieketarn,level_2
drost407,level_2
healthmum,level_2
WillemClercq,level_2
mpanhuijsen,level_2
PeakyOswald,level_2
DrunkBastard101,level_2
TracyGreyfield,level_2
ozbrah4,level_2
Gelert9,level_2
earlturner57,level_2
Abnormocracy,level_2
Wesmoms,level_2
gook_rory,level_2
replicant27,level_2
euroswydd658,level_2
OrStout,level_2
docuterror,level_2
BougieBuffoon,level_2
XdVFs2cmb5PwRXS,level_2
breakfixbreak,level_2
Good_Girl_95,level_2
NaughtyNorman3,level_2
FOSTERMMXXII,level_2
ip2always,level_2
BainzyC,level_2
EnglishGent79,level_2
FormerLiberal24,level_2
w1mav,level_2
JFGariepy,level_2
StopLearn2,level_2
thomstern,level_2
mpKMXGk2vbCYe5c,level_2
AmExcp227,level_2
OakeRoyal,level_2
Austin_Zone,level_2
EthelUnreddy,level_2
NxallAnglo,level_2
WestHullensian,level_2
AnthonyBouchard,level_2
SilasSpeaks,level_2
norwich_guy,level_2
t99bull,level_2
JeffMelody2,level_2
cometaj2,level_2
JosephBlanco1,level_2
DawdaSanneh,level_2
WhiskeyRebel5,level_2
SixThirtyOne_,level_2
BakaryS04686241,level_2
roadtoserfdom3,level_2
reallisaboulay,level_2
TheRightKGibson,level_2
albert21812629,level_2
vickyden33,level_2
OmarMan05409085,level_2
kebbasjallow3,level_2
merissahamilton,level_2
CPunk1984,level_2
DegenerateWoke,level_2
hughjassdevice,level_2
eppe_ppe,level_2
MonkeysBrat,level_2
maxerdrich96,level_2
SenSinemaFan,level_2
AmericanZoomer,level_2
GLguygardner4,level_2
AshgroveProd,level_2
CharlieBakerFan,level_2
Lilwing13,level_2
fmrRealBobRoss,level_2
JoePA04,level_2
JackMFromBoca,level_2
USACONSERVER,level_2
one_kaiser,level_2
okcon_politics,level_2
Nord_Fulbright,level_2
shivam_mundada,level_2
Bronx_ILs,level_2
tuesday7595,level_2
baxterdonna96,level_2
AzakFever1,level_2
chibbennn,level_2
Mosleyite2004,level_2
RememberFuture_,level_2
tomize_d,level_2
LuLzYouKnow,level_2
BRlTlSHDEAN,level_2
DisobeyNAnti,level_2
6e786c6c,level_2
celtic_switch,level_2
WADE1138,level_2
SpMeyer78,level_2
LoyalToSpeakUp,level_2
JTSmith1014,level_2
JoeriFridli,level_2
JR66112852,level_2
RichardLeader,level_2
mitrebarnet,level_2
Eastwood1A1,level_2
James100482,level_2
CarolineBaynton,level_2
27Tawnyowl,level_2
TexanGhost,level_2
MarkDav2016,level_2
GentleLearGamma,level_2
JustineClaire65,level_2
YorksRose_84,level_2
boomer_ish,level_2
notforevermore,level_2
Orwells_lament,level_2
Ella1898,level_2
SteveCass14,level_2
dearaunty,level_2
ClaireH38655873,level_2
Olgachristie,level_2
StingingMan,level_2
MiroMoh19625700,level_2
animehitler1488,level_2
St_justSt,level_2
SocialQsDsNs,level_2
Dr_Mitri,level_2
SigmaGael,level_2
KetaMeanGirl,level_2
UngeheuerDarin,level_2
KenKardashain,level_2
FedSh3d,level_2
AlbaLongan,level_2
bonbonglacee,level_2
engine9ladder1,level_2
Johnny42477623,level_2
Jk16010,level_2
KingofCarinthia,level_2
kibble_no,level_2
RabMeir,level_2
OfEireann,level_2
Digitalis_Dude,level_2
DFallamhain,level_2
AudibleVibes,level_2
noeleenharmon17,level_2
Weldoninhio,level_2
IrishProtector,level_2
Labhrain44,level_2
Tom40807135,level_2
mcarsagone,level_2
BackShadys,level_2
Sabdublindr,level_2
AfterProfit,level_2
LeeToland1,level_2
EamonnVIDF,level_2
UK_UNIFICATION,level_2
StopAntiWhite,level_2
based_belgium,level_2
95_ImpalaSS,level_2
Lorenzo_FSM,level_2
DiePlaasPatriot,level_2
allwhite4ever,level_2
awoodendor,level_2
KosChertified,level_2
crimes_black,level_2
dufrianord,level_2
Bitofthetism1,level_2
OhComfy,level_2
drbairdonline,level_2
FreakieF,level_2
ChristophGottel,level_2
supertracpak,level_2
KingTewdrig,level_2
LHAxelrod1,level_2
